,bmw,audi,acura,infiniti,honda
aspirations,2.358983286908078,7.161733615221987,10.487616099071207,0.0,13.714574898785425
